user_id,name
689f84b899fbf5076c5ec985,user_0
689f850399fbf5076c5ec989,user_1
689f87a099fbf5076c5ec98c,user_2
68a02ac4b9fb569a6ae6b733,user_3
68a037f0368971a3a299acd8,user_4
68a1c4282dcd385eea223e67,user_5
68a2008d0e824ad4a74affdf,user_6
68a4e27529c853d3c50a06b9,user_7
68a989b7d3101920ef9dcdc5,user_8
68a989f2d3101920ef9dcdc9,user_9
68b70934570891ebac502084,user_10
68b71602570891ebac502242,user_11
68b873c9c943d0109489951a,user_12
68b8bf970f9799245af77682,user_13
68b94594f7f0ff7d31298ae8,user_14
68b98efec02accb223b32cbf,user_15
